{
    "avg_test_loss": [],
    "avg_train_loss": [],
    "batch_lr": [
        0.030622142857142855,
        0.06123428571428571,
        0.09184642857142856,
        0.12245857142857142,
        0.15307071428571428,
        0.18368285714285715,
        0.21429499999999999,
        0.24490714285714285,
        0.27551928571428574,
        0.30613142857142855,
        0.3367435714285714,
        0.3673557142857143
    ],
    "batch_train_acc": [
        42,
        46,
        35,
        50,
        61,
        66,
        56,
        61,
        64,
        70,
        52,
        50
    ],
    "batch_train_loss": [
        2.788877248764038,
        2.298044204711914,
        2.4406938552856445,
        2.589334726333618,
        2.3664138317108154,
        2.335354804992676,
        2.3053696155548096,
        2.3001813888549805,
        2.2826077938079834,
        2.47884202003479,
        2.2985610961914062,
        3.654722213745117
    ],
    "batch_train_samples": [
        512,
        512,
        512,
        512,
        512,
        512,
        512,
        512,
        512,
        512,
        512,
        512
    ],
    "batch_val_acc": [
        10.236842105263158,
        9.782894736842104,
        9.776315789473685,
        9.842105263157896,
        10.335526315789474,
        10.598684210526315,
        11.93421052631579,
        13.085526315789474,
        11.861842105263158,
        11.243421052631579,
        9.776315789473685,
        9.776315789473685
    ],
    "batch_val_loss": [
        0.4540871554299405,
        0.48092279465574966,
        0.4957518044270967,
        0.4699862866025222,
        0.46430733172517075,
        0.4566810413410789,
        0.4536662289970799,
        0.4532396730623747,
        0.5282211931128251,
        0.45349187443130895,
        0.7724183154733557,
        269.75421785053453
    ],
    "best_test_loss": 100000,
    "epochs": 0,
    "lr": [],
    "test_acc": [],
    "train_acc": [],
    "val_samples_seen": [
        152,
        152,
        152,
        152,
        152,
        152,
        152,
        152,
        152,
        152,
        152,
        152
    ]
}